inf;inf;7;inf;inf;inf;inf;inf;inf;inf;inf;inf;inf;inf;inf;inf;inf;inf;inf;inf;inf;inf;inf;inf;inf;inf;inf;inf;inf;inf;inf;inf;inf;inf;inf;inf;inf;inf;inf;inf;inf;inf;inf;inf;inf;inf;inf;inf;inf;inf;inf;inf;inf
inf;inf;inf;inf;inf;inf;inf;inf;inf;inf;inf;inf;inf;inf;inf;inf;inf;inf;inf;inf;inf;inf;inf;inf;inf;inf;inf;inf;inf;inf;inf;inf;inf;inf;inf;inf;8;inf;inf;inf;inf;inf;inf;inf;inf;inf;inf;inf;inf;inf;inf;inf;inf
7;inf;inf;inf;inf;inf;inf;inf;inf;inf;inf;inf;inf;inf;inf;inf;inf;inf;inf;inf;inf;inf;inf;inf;inf;inf;inf;inf;inf;inf;inf;inf;inf;inf;inf;4;1;inf;inf;inf;inf;inf;inf;inf;inf;inf;inf;inf;inf;inf;inf;inf;inf
inf;inf;inf;inf;inf;inf;inf;inf;inf;inf;inf;inf;inf;inf;inf;inf;inf;inf;inf;inf;inf;inf;inf;inf;inf;inf;inf;inf;inf;inf;inf;inf;inf;inf;inf;3;inf;inf;inf;inf;inf;inf;inf;inf;inf;inf;inf;inf;inf;inf;inf;inf;inf
inf;inf;inf;inf;inf;inf;inf;inf;inf;inf;inf;inf;inf;inf;inf;inf;inf;inf;inf;inf;inf;inf;inf;inf;inf;inf;inf;inf;inf;inf;inf;inf;inf;4;inf;inf;inf;inf;inf;inf;inf;inf;inf;inf;inf;inf;inf;inf;inf;inf;inf;inf;inf
inf;inf;inf;inf;inf;inf;inf;inf;inf;inf;inf;inf;inf;inf;inf;inf;inf;inf;inf;inf;inf;inf;inf;inf;inf;inf;inf;inf;inf;inf;inf;inf;inf;3;inf;inf;inf;inf;inf;inf;inf;inf;inf;inf;inf;inf;inf;inf;inf;inf;inf;inf;inf
inf;inf;inf;inf;inf;inf;inf;inf;inf;inf;inf;inf;inf;inf;inf;inf;inf;inf;inf;inf;inf;inf;inf;inf;inf;inf;inf;inf;inf;inf;inf;inf;1;inf;inf;inf;inf;inf;inf;inf;inf;inf;inf;inf;inf;inf;inf;inf;inf;inf;inf;inf;inf
inf;inf;inf;inf;inf;inf;inf;inf;inf;2;inf;inf;inf;inf;inf;inf;inf;inf;inf;inf;inf;inf;inf;inf;inf;inf;inf;inf;inf;inf;inf;inf;inf;inf;inf;inf;inf;inf;inf;inf;inf;inf;inf;inf;inf;inf;inf;4;inf;inf;inf;inf;inf
inf;inf;inf;inf;inf;inf;inf;inf;inf;inf;inf;inf;inf;inf;inf;inf;inf;inf;inf;inf;inf;inf;inf;inf;inf;inf;inf;inf;inf;inf;inf;inf;1;inf;inf;inf;inf;inf;inf;inf;inf;inf;inf;inf;inf;inf;inf;inf;inf;inf;inf;inf;inf
inf;inf;inf;inf;inf;inf;inf;2;inf;inf;inf;inf;inf;inf;inf;inf;inf;inf;inf;inf;inf;inf;inf;inf;inf;inf;inf;inf;inf;inf;inf;inf;2;4;inf;inf;inf;3;inf;inf;inf;inf;inf;inf;inf;inf;inf;inf;inf;inf;inf;inf;inf
inf;inf;inf;inf;inf;inf;inf;inf;inf;inf;inf;inf;inf;inf;inf;inf;inf;inf;inf;inf;inf;inf;inf;inf;inf;inf;inf;inf;inf;inf;inf;inf;inf;inf;inf;inf;inf;2;inf;inf;inf;inf;inf;inf;inf;inf;inf;inf;inf;inf;inf;inf;inf
inf;inf;inf;inf;inf;inf;inf;inf;inf;inf;inf;inf;inf;inf;inf;inf;inf;inf;inf;inf;inf;inf;inf;inf;inf;inf;inf;inf;inf;inf;inf;inf;inf;inf;inf;inf;inf;inf;inf;inf;inf;6;3;inf;inf;inf;inf;inf;inf;inf;inf;inf;inf
inf;inf;inf;inf;inf;inf;inf;inf;inf;inf;inf;inf;inf;inf;inf;inf;inf;inf;inf;inf;inf;inf;inf;inf;inf;inf;inf;inf;inf;inf;inf;inf;inf;inf;inf;inf;inf;inf;inf;inf;inf;inf;inf;2;inf;inf;inf;inf;inf;inf;inf;inf;inf
inf;inf;inf;inf;inf;inf;inf;inf;inf;inf;inf;inf;inf;inf;inf;inf;inf;inf;inf;inf;inf;inf;inf;inf;inf;inf;inf;inf;inf;inf;inf;inf;inf;inf;inf;inf;inf;inf;3;inf;inf;inf;inf;inf;1;inf;inf;inf;inf;inf;inf;inf;inf
inf;inf;inf;inf;inf;inf;inf;inf;inf;inf;inf;inf;inf;inf;inf;inf;inf;inf;inf;5;inf;inf;inf;inf;inf;inf;inf;inf;inf;inf;inf;inf;inf;inf;inf;inf;inf;inf;inf;inf;inf;inf;inf;inf;inf;3;inf;inf;inf;inf;inf;inf;inf
inf;inf;inf;inf;inf;inf;inf;inf;inf;inf;inf;inf;inf;inf;inf;inf;inf;inf;inf;inf;inf;inf;inf;inf;inf;inf;inf;inf;inf;inf;inf;inf;inf;inf;inf;inf;inf;inf;inf;inf;inf;1;inf;inf;inf;inf;inf;inf;inf;inf;inf;inf;inf
inf;inf;inf;inf;inf;inf;inf;inf;inf;inf;inf;inf;inf;inf;inf;inf;inf;inf;inf;inf;inf;inf;inf;inf;inf;inf;inf;inf;inf;inf;inf;inf;inf;inf;inf;inf;inf;inf;inf;inf;3;3;inf;inf;inf;inf;inf;inf;inf;inf;inf;inf;inf
inf;inf;inf;inf;inf;inf;inf;inf;inf;inf;inf;inf;inf;inf;inf;inf;inf;inf;3;inf;inf;inf;inf;inf;inf;inf;inf;inf;inf;inf;inf;inf;inf;inf;inf;inf;inf;inf;inf;inf;3;inf;inf;inf;inf;inf;inf;inf;inf;inf;inf;inf;inf
inf;inf;inf;inf;inf;inf;inf;inf;inf;inf;inf;inf;inf;inf;inf;inf;inf;3;inf;inf;inf;inf;inf;inf;inf;inf;inf;inf;inf;inf;inf;inf;inf;inf;inf;inf;inf;inf;inf;inf;inf;inf;inf;inf;inf;inf;inf;inf;inf;inf;inf;inf;inf
inf;inf;inf;inf;inf;inf;inf;inf;inf;inf;inf;inf;inf;inf;5;inf;inf;inf;inf;inf;inf;inf;inf;inf;inf;inf;inf;inf;inf;inf;inf;inf;inf;inf;inf;inf;inf;inf;inf;inf;inf;inf;inf;inf;inf;inf;3;inf;inf;inf;inf;inf;inf
inf;inf;inf;inf;inf;inf;inf;inf;inf;inf;inf;inf;inf;inf;inf;inf;inf;inf;inf;inf;inf;inf;inf;inf;inf;inf;inf;inf;inf;inf;inf;inf;inf;inf;inf;inf;inf;inf;inf;inf;inf;inf;inf;inf;inf;inf;inf;inf;inf;inf;3;inf;inf
inf;inf;inf;inf;inf;inf;inf;inf;inf;inf;inf;inf;inf;inf;inf;inf;inf;inf;inf;inf;inf;inf;inf;inf;inf;inf;inf;inf;inf;inf;inf;inf;inf;inf;inf;inf;inf;inf;inf;inf;inf;inf;inf;inf;inf;inf;inf;inf;inf;inf;inf;7;6
inf;inf;inf;inf;inf;inf;inf;inf;inf;inf;inf;inf;inf;inf;inf;inf;inf;inf;inf;inf;inf;inf;inf;inf;inf;inf;inf;inf;inf;inf;inf;inf;inf;inf;inf;inf;inf;inf;inf;inf;inf;inf;inf;inf;inf;inf;inf;inf;inf;inf;inf;inf;1
inf;inf;inf;inf;inf;inf;inf;inf;inf;inf;inf;inf;inf;inf;inf;inf;inf;inf;inf;inf;inf;inf;inf;inf;inf;inf;inf;inf;inf;inf;inf;inf;inf;inf;inf;inf;inf;inf;inf;inf;inf;inf;inf;inf;inf;inf;inf;inf;inf;inf;inf;inf;2
inf;inf;inf;inf;inf;inf;inf;inf;inf;inf;inf;inf;inf;inf;inf;inf;inf;inf;inf;inf;inf;inf;inf;inf;inf;9;inf;inf;inf;inf;inf;inf;inf;inf;inf;inf;inf;inf;inf;inf;inf;inf;inf;inf;inf;inf;inf;inf;inf;2;inf;inf;inf
inf;inf;inf;inf;inf;inf;inf;inf;inf;inf;inf;inf;inf;inf;inf;inf;inf;inf;inf;inf;inf;inf;inf;inf;9;inf;inf;inf;inf;inf;2;inf;inf;inf;inf;inf;inf;inf;inf;inf;inf;inf;inf;inf;inf;inf;inf;inf;3;inf;inf;inf;inf
inf;inf;inf;inf;inf;inf;inf;inf;inf;inf;inf;inf;inf;inf;inf;inf;inf;inf;inf;inf;inf;inf;inf;inf;inf;inf;inf;inf;inf;inf;inf;inf;inf;inf;inf;inf;inf;inf;inf;inf;inf;inf;inf;inf;inf;inf;inf;1;inf;inf;inf;inf;inf
inf;inf;inf;inf;inf;inf;inf;inf;inf;inf;inf;inf;inf;inf;inf;inf;inf;inf;inf;inf;inf;inf;inf;inf;inf;inf;inf;inf;2;inf;inf;inf;inf;inf;inf;inf;inf;inf;inf;inf;inf;inf;inf;inf;inf;inf;inf;inf;inf;inf;inf;5;inf
inf;inf;inf;inf;inf;inf;inf;inf;inf;inf;inf;inf;inf;inf;inf;inf;inf;inf;inf;inf;inf;inf;inf;inf;inf;inf;inf;2;inf;inf;inf;inf;inf;inf;inf;inf;inf;inf;inf;inf;inf;inf;inf;inf;inf;inf;inf;inf;inf;inf;inf;inf;inf
inf;inf;inf;inf;inf;inf;inf;inf;inf;inf;inf;inf;inf;inf;inf;inf;inf;inf;inf;inf;inf;inf;inf;inf;inf;inf;inf;inf;inf;inf;inf;inf;inf;inf;inf;inf;inf;inf;inf;inf;inf;inf;inf;inf;inf;inf;inf;inf;inf;inf;3;inf;inf
inf;inf;inf;inf;inf;inf;inf;inf;inf;inf;inf;inf;inf;inf;inf;inf;inf;inf;inf;inf;inf;inf;inf;inf;inf;2;inf;inf;inf;inf;inf;inf;inf;inf;inf;inf;inf;inf;inf;inf;inf;inf;inf;inf;inf;inf;inf;inf;inf;inf;inf;inf;inf
inf;inf;inf;inf;inf;inf;inf;inf;inf;inf;inf;inf;inf;inf;inf;inf;inf;inf;inf;inf;inf;inf;inf;inf;inf;inf;inf;inf;inf;inf;inf;inf;5;inf;inf;inf;inf;inf;inf;inf;inf;inf;inf;inf;inf;inf;inf;inf;inf;inf;inf;inf;inf
inf;inf;inf;inf;inf;inf;1;inf;1;2;inf;inf;inf;inf;inf;inf;inf;inf;inf;inf;inf;inf;inf;inf;inf;inf;inf;inf;inf;inf;inf;5;inf;inf;inf;inf;inf;inf;inf;inf;inf;inf;inf;inf;inf;inf;inf;inf;inf;inf;inf;inf;inf
inf;inf;inf;inf;4;3;inf;inf;inf;4;inf;inf;inf;inf;inf;inf;inf;inf;inf;inf;inf;inf;inf;inf;inf;inf;inf;inf;inf;inf;inf;inf;inf;inf;2;inf;inf;inf;inf;inf;inf;inf;inf;inf;inf;inf;inf;inf;inf;inf;inf;inf;inf
inf;inf;inf;inf;inf;inf;inf;inf;inf;inf;inf;inf;inf;inf;inf;inf;inf;inf;inf;inf;inf;inf;inf;inf;inf;inf;inf;inf;inf;inf;inf;inf;inf;2;inf;1;4;inf;inf;inf;inf;inf;inf;inf;inf;inf;inf;inf;inf;inf;inf;inf;inf
inf;inf;4;3;inf;inf;inf;inf;inf;inf;inf;inf;inf;inf;inf;inf;inf;inf;inf;inf;inf;inf;inf;inf;inf;inf;inf;inf;inf;inf;inf;inf;inf;inf;1;inf;inf;inf;inf;inf;inf;inf;inf;inf;inf;inf;inf;inf;inf;inf;inf;inf;inf
inf;8;1;inf;inf;inf;inf;inf;inf;inf;inf;inf;inf;inf;inf;inf;inf;inf;inf;inf;inf;inf;inf;inf;inf;inf;inf;inf;inf;inf;inf;inf;inf;inf;4;inf;inf;inf;inf;inf;inf;inf;inf;inf;inf;inf;inf;inf;inf;inf;inf;inf;inf
inf;inf;inf;inf;inf;inf;inf;inf;inf;3;2;inf;inf;inf;inf;inf;inf;inf;inf;inf;inf;inf;inf;inf;inf;inf;inf;inf;inf;inf;inf;inf;inf;inf;inf;inf;inf;inf;1;inf;inf;inf;inf;inf;3;inf;inf;inf;inf;inf;inf;inf;inf
inf;inf;inf;inf;inf;inf;inf;inf;inf;inf;inf;inf;inf;3;inf;inf;inf;inf;inf;inf;inf;inf;inf;inf;inf;inf;inf;inf;inf;inf;inf;inf;inf;inf;inf;inf;inf;1;inf;2;inf;inf;inf;2;inf;inf;inf;inf;inf;inf;inf;inf;inf
inf;inf;inf;inf;inf;inf;inf;inf;inf;inf;inf;inf;inf;inf;inf;inf;inf;inf;inf;inf;inf;inf;inf;inf;inf;inf;inf;inf;inf;inf;inf;inf;inf;inf;inf;inf;inf;inf;2;inf;1;inf;2;inf;inf;inf;inf;inf;inf;inf;inf;inf;inf
inf;inf;inf;inf;inf;inf;inf;inf;inf;inf;inf;inf;inf;inf;inf;inf;3;3;inf;inf;inf;inf;inf;inf;inf;inf;inf;inf;inf;inf;inf;inf;inf;inf;inf;inf;inf;inf;inf;1;inf;inf;inf;inf;inf;inf;inf;inf;inf;inf;inf;inf;inf
inf;inf;inf;inf;inf;inf;inf;inf;inf;inf;inf;6;inf;inf;inf;1;3;inf;inf;inf;inf;inf;inf;inf;inf;inf;inf;inf;inf;inf;inf;inf;inf;inf;inf;inf;inf;inf;inf;inf;inf;inf;inf;inf;inf;inf;inf;inf;inf;inf;inf;inf;inf
inf;inf;inf;inf;inf;inf;inf;inf;inf;inf;inf;3;inf;inf;inf;inf;inf;inf;inf;inf;inf;inf;inf;inf;inf;inf;inf;inf;inf;inf;inf;inf;inf;inf;inf;inf;inf;inf;inf;2;inf;inf;inf;2;inf;inf;inf;inf;inf;inf;inf;inf;inf
inf;inf;inf;inf;inf;inf;inf;inf;inf;inf;inf;inf;2;inf;inf;inf;inf;inf;inf;inf;inf;inf;inf;inf;inf;inf;inf;inf;inf;inf;inf;inf;inf;inf;inf;inf;inf;inf;2;inf;inf;inf;2;inf;inf;inf;inf;inf;inf;inf;inf;inf;inf
inf;inf;inf;inf;inf;inf;inf;inf;inf;inf;inf;inf;inf;1;inf;inf;inf;inf;inf;inf;inf;inf;inf;inf;inf;inf;inf;inf;inf;inf;inf;inf;inf;inf;inf;inf;inf;3;inf;inf;inf;inf;inf;inf;inf;3;inf;inf;inf;inf;inf;inf;inf
inf;inf;inf;inf;inf;inf;inf;inf;inf;inf;inf;inf;inf;inf;3;inf;inf;inf;inf;inf;inf;inf;inf;inf;inf;inf;inf;inf;inf;inf;inf;inf;inf;inf;inf;inf;inf;inf;inf;inf;inf;inf;inf;inf;3;inf;3;inf;inf;inf;inf;inf;inf
inf;inf;inf;inf;inf;inf;inf;inf;inf;inf;inf;inf;inf;inf;inf;inf;inf;inf;inf;3;inf;inf;inf;inf;inf;inf;inf;inf;inf;inf;inf;inf;inf;inf;inf;inf;inf;inf;inf;inf;inf;inf;inf;inf;inf;3;inf;1;inf;inf;inf;inf;inf
inf;inf;inf;inf;inf;inf;inf;4;inf;inf;inf;inf;inf;inf;inf;inf;inf;inf;inf;inf;inf;inf;inf;inf;inf;inf;1;inf;inf;inf;inf;inf;inf;inf;inf;inf;inf;inf;inf;inf;inf;inf;inf;inf;inf;inf;1;inf;3;inf;inf;inf;inf
inf;inf;inf;inf;inf;inf;inf;inf;inf;inf;inf;inf;inf;inf;inf;inf;inf;inf;inf;inf;inf;inf;inf;inf;inf;3;inf;inf;inf;inf;inf;inf;inf;inf;inf;inf;inf;inf;inf;inf;inf;inf;inf;inf;inf;inf;inf;3;inf;4;inf;inf;inf
inf;inf;inf;inf;inf;inf;inf;inf;inf;inf;inf;inf;inf;inf;inf;inf;inf;inf;inf;inf;inf;inf;inf;inf;2;inf;inf;inf;inf;inf;inf;inf;inf;inf;inf;inf;inf;inf;inf;inf;inf;inf;inf;inf;inf;inf;inf;inf;4;inf;5;inf;inf
inf;inf;inf;inf;inf;inf;inf;inf;inf;inf;inf;inf;inf;inf;inf;inf;inf;inf;inf;inf;3;inf;inf;inf;inf;inf;inf;inf;inf;3;inf;inf;inf;inf;inf;inf;inf;inf;inf;inf;inf;inf;inf;inf;inf;inf;inf;inf;inf;5;inf;4;inf
inf;inf;inf;inf;inf;inf;inf;inf;inf;inf;inf;inf;inf;inf;inf;inf;inf;inf;inf;inf;inf;7;inf;inf;inf;inf;inf;5;inf;inf;inf;inf;inf;inf;inf;inf;inf;inf;inf;inf;inf;inf;inf;inf;inf;inf;inf;inf;inf;inf;4;inf;inf
inf;inf;inf;inf;inf;inf;inf;inf;inf;inf;inf;inf;inf;inf;inf;inf;inf;inf;inf;inf;inf;6;1;2;inf;inf;inf;inf;inf;inf;inf;inf;inf;inf;inf;inf;inf;inf;inf;inf;inf;inf;inf;inf;inf;inf;inf;inf;inf;inf;inf;inf;inf
